{
  "mean_gate_all": {
    "post": 0.5701145083492339,
    "image": 0.31659640144251194,
    "ocr": 0.11328908810180727
  },
  "mean_gate_has_ocr_1": {
    "post": 0.46102182185592283,
    "image": 0.22538084356825133,
    "ocr": 0.313597330832539
  },
  "mean_gate_has_ocr_0": {
    "post": 0.6318144703823361,
    "image": 0.36818552843697083,
    "ocr": 0.0
  },
  "n_test": 573,
  "n_has_ocr_1": 207,
  "n_has_ocr_0": 366
}