{
  "means": {
    "image": {
      "acc": 0.7004072134962187,
      "macro_f1": 0.6989836199133203,
      "roc_auc": 0.7697311079071057,
      "avg_precision": 0.7555237428955053
    },
    "text": {
      "acc": 0.8510762070971495,
      "macro_f1": 0.8501588153805728,
      "roc_auc": 0.926451781074103,
      "avg_precision": 0.9272972608742555
    },
    "fusion": {
      "acc": 0.8598022105875509,
      "macro_f1": 0.8589397932515771,
      "roc_auc": 0.9284230590650271,
      "avg_precision": 0.9290683817599069
    },
    "fusion_ocr": {
      "acc": 0.8673647469458988,
      "macro_f1": 0.8662133173836359,
      "roc_auc": 0.9338644379821277,
      "avg_precision": 0.9369667503776117
    }
  },
  "stds": {
    "image": {
      "acc": 0.002665838100614192,
      "macro_f1": 0.004215420720516108,
      "roc_auc": 0.00576576445117376,
      "avg_precision": 0.014924468517768878
    },
    "text": {
      "acc": 0.007265849910876592,
      "macro_f1": 0.007176426294341483,
      "roc_auc": 0.004847120524611046,
      "avg_precision": 0.00618696885639302
    },
    "fusion": {
      "acc": 0.00824749672993477,
      "macro_f1": 0.008759994824803751,
      "roc_auc": 0.002564959481282107,
      "avg_precision": 0.004127053726448416
    },
    "fusion_ocr": {
      "acc": 0.014911001300728702,
      "macro_f1": 0.015627054567736824,
      "roc_auc": 0.005082161844553367,
      "avg_precision": 0.002936934406951901
    }
  },
  "raw": {
    "image": {
      "acc": [
        0.699825479930192,
        0.6980802792321117,
        0.7033158813263525
      ],
      "macro_f1": [
        0.6990546218487395,
        0.6947331467161848,
        0.7031630911750366
      ],
      "roc_auc": [
        0.7752254343735492,
        0.7702402189584804,
        0.7637276703892877
      ],
      "avg_precision": [
        0.7616667280922562,
        0.7663963372228574,
        0.7385081633714021
      ]
    },
    "text": {
      "acc": [
        0.8429319371727748,
        0.8568935427574171,
        0.8534031413612565
      ],
      "macro_f1": [
        0.8424092409240924,
        0.8565750915750916,
        0.8514921136425344
      ],
      "roc_auc": [
        0.92104298526429,
        0.9279098751252413,
        0.9304024828327777
      ],
      "avg_precision": [
        0.9205951074233087,
        0.9327906349576951,
        0.9285060402417626
      ]
    },
    "fusion": {
      "acc": [
        0.8534031413612565,
        0.8568935427574171,
        0.8691099476439791
      ],
      "macro_f1": [
        0.8514921136425344,
        0.8567360230266368,
        0.8685912430855602
      ],
      "roc_auc": [
        0.9272256298721934,
        0.926675789936707,
        0.931367757386181
      ],
      "avg_precision": [
        0.9309080292048251,
        0.9243414140396725,
        0.931955702035223
      ]
    },
    "fusion_ocr": {
      "acc": [
        0.881326352530541,
        0.8516579406631762,
        0.8691099476439791
      ],
      "macro_f1": [
        0.8807156327300335,
        0.8496633978757488,
        0.8682609215451254
      ],
      "roc_auc": [
        0.9373426846851236,
        0.9280320617775729,
        0.9362185674836865
      ],
      "avg_precision": [
        0.9393757915903831,
        0.9336951124457907,
        0.9378293470966612
      ]
    }
  },
  "per_seed": {
    "1": {
      "image": {
        "acc": 0.699825479930192,
        "macro_f1": 0.6990546218487395,
        "roc_auc": 0.7752254343735492,
        "avg_precision": 0.7616667280922562
      },
      "text": {
        "acc": 0.8429319371727748,
        "macro_f1": 0.8424092409240924,
        "roc_auc": 0.92104298526429,
        "avg_precision": 0.9205951074233087
      },
      "fusion": {
        "acc": 0.8534031413612565,
        "macro_f1": 0.8514921136425344,
        "roc_auc": 0.9272256298721934,
        "avg_precision": 0.9309080292048251
      },
      "fusion_ocr": {
        "acc": 0.881326352530541,
        "macro_f1": 0.8807156327300335,
        "roc_auc": 0.9373426846851236,
        "avg_precision": 0.9393757915903831
      }
    },
    "2": {
      "image": {
        "acc": 0.6980802792321117,
        "macro_f1": 0.6947331467161848,
        "roc_auc": 0.7702402189584804,
        "avg_precision": 0.7663963372228574
      },
      "text": {
        "acc": 0.8568935427574171,
        "macro_f1": 0.8565750915750916,
        "roc_auc": 0.9279098751252413,
        "avg_precision": 0.9327906349576951
      },
      "fusion": {
        "acc": 0.8568935427574171,
        "macro_f1": 0.8567360230266368,
        "roc_auc": 0.926675789936707,
        "avg_precision": 0.9243414140396725
      },
      "fusion_ocr": {
        "acc": 0.8516579406631762,
        "macro_f1": 0.8496633978757488,
        "roc_auc": 0.9280320617775729,
        "avg_precision": 0.9336951124457907
      }
    },
    "3": {
      "image": {
        "acc": 0.7033158813263525,
        "macro_f1": 0.7031630911750366,
        "roc_auc": 0.7637276703892877,
        "avg_precision": 0.7385081633714021
      },
      "text": {
        "acc": 0.8534031413612565,
        "macro_f1": 0.8514921136425344,
        "roc_auc": 0.9304024828327777,
        "avg_precision": 0.9285060402417626
      },
      "fusion": {
        "acc": 0.8691099476439791,
        "macro_f1": 0.8685912430855602,
        "roc_auc": 0.931367757386181,
        "avg_precision": 0.931955702035223
      },
      "fusion_ocr": {
        "acc": 0.8691099476439791,
        "macro_f1": 0.8682609215451254,
        "roc_auc": 0.9362185674836865,
        "avg_precision": 0.9378293470966612
      }
    }
  }
}